Imputation,RMSE
01,0.2980836
02,0.29806605
03,0.29808572
04,0.2980771
05,0.2980823
06,0.29807648
07,0.29809684
08,0.29806316
09,0.29806063
10,0.29804763
prmedio,0.29807395
