Imputation,RMSE
01,0.31122875
02,0.3111909
03,0.31119967
04,0.31122226
05,0.31121102
06,0.31121358
07,0.31115434
08,0.3112014
09,0.31119123
10,0.31120652
prmedio,0.311202
