Imputation,RMSE
01,0.29962462
02,0.2996475
03,0.29961878
04,0.29961085
05,0.29962787
06,0.29961526
07,0.2996427
08,0.29959553
09,0.2996165
10,0.2996104
prmedio,0.29962102
