Imputation,RMSE
01,0.30071476
02,0.30070487
03,0.3006804
04,0.30066162
05,0.30068564
06,0.3006894
07,0.3006496
08,0.30066866
09,0.30071843
10,0.30068374
prmedio,0.3006857
